source1_id	matched_entity_ids
S1-00001	
S1-00002	S3-00001
S1-00003	S3-00002
S1-00004	S2-00001,S3-00003
S1-00005	S2-00002
S1-00006	S2-00003,S3-00004
S1-00007	
S1-00008	S2-00004
S1-00009	S2-00005,S2-00006,S2-00007,S3-00005
S1-00010	S2-00008
S1-00011	S3-00006
S1-00012	S3-00007,S2-00009,S2-00010,S3-00008
S1-00013	
S1-00014	S2-00011,S3-00009,S3-00010
S1-00015	S2-00012
S1-00016	
S1-00017	
S1-00018	S2-00013
S1-00019	
S1-00020	
S1-00021	S2-00014,S3-00011,S2-00015
S1-00022	S3-00012
S1-00023	S2-00017
S1-00024	S2-00018
S1-00025	S2-00019
S1-00026	S2-00021,S3-00013,S3-00014
S1-00027	
S1-00028	S2-00022,S2-00023,S2-00024
S1-00029	S3-00015,S2-00025
S1-00030	S2-00026
S1-00031	S2-00027
S1-00032	S2-00028
S1-00033	S2-00029
S1-00034	
S1-00035	S3-00016
S1-00036	S2-00031
S1-00037	S3-00017
S1-00038	S3-00018
S1-00039	S2-00033
S1-00040	
S1-00041	
S1-00042	S2-00035
S1-00043	S3-00019
S1-00044	S3-00020
S1-00045	S2-00036
S1-00046	S2-00037,S3-00021,S3-00022,S2-00038
S1-00047	S2-00039
S1-00048	S3-00023
S1-00049	S3-00024,S2-00040,S3-00025,S3-00026
S1-00050	
S1-00051	S2-00041
S1-00052	S3-00027
S1-00053	S3-00028
S1-00054	
S1-00055	S2-00042,S2-00043,S3-00029,S2-00044
S1-00056	
S1-00057	S2-00047
S1-00058	S2-00048
S1-00059	S3-00030,S2-00049
S1-00060	
S1-00061	S3-00031,S2-00050,S3-00032,S2-00051
S1-00062	
S1-00063	
S1-00064	S2-00052
S1-00065	
S1-00066	S2-00053
S1-00067	S2-00054
S1-00068	S2-00055
S1-00069	S3-00033
S1-00070	
S1-00071	
S1-00072	S2-00056,S2-00057,S3-00034,S3-00035
S1-00073	
S1-00074	
S1-00075	
S1-00076	
S1-00077	
S1-00078	S2-00059,S2-00060
S1-00079	
S1-00080	
S1-00081	S2-00061
S1-00082	S2-00062,S3-00036,S2-00063
S1-00083	
S1-00084	S2-00064
S1-00085	S2-00065,S2-00066,S3-00037,S3-00038
S1-00086	S2-00067,S2-00068,S2-00069
S1-00087	S2-00070,S2-00071
S1-00088	S2-00072,S3-00039,S3-00040,S2-00073
S1-00089	
S1-00090	
S1-00091	S2-00074,S2-00075,S2-00076,S2-00077
S1-00092	S2-00078
S1-00093	S2-00080
S1-00094	
S1-00095	S2-00081,S3-00041
S1-00096	S2-00083
S1-00097	S3-00042,S2-00084,S3-00043
S1-00098	S3-00044
S1-00099	S2-00086
S1-00100	
S1-00101	S2-00088
S1-00102	S3-00045,S3-00046,S3-00047,S3-00048
S1-00103	S2-00090
S1-00104	S2-00091,S2-00092,S3-00049,S2-00093
S1-00105	S3-00050
S1-00106	S2-00095,S2-00096,S3-00051
S1-00107	S3-00052
S1-00108	
S1-00109	S2-00097
S1-00110	
S1-00111	S3-00053
S1-00112	S2-00098,S3-00054
S1-00113	S2-00099
S1-00114	S2-00100,S2-00101,S2-00102
S1-00115	
S1-00116	
S1-00117	S2-00104,S3-00055,S3-00056
S1-00118	
S1-00119	S2-00105,S3-00057
S1-00120	S3-00058,S2-00107,S2-00108,S2-00109
S1-00121	
S1-00122	S2-00110,S2-00111
S1-00123	S3-00059,S2-00112,S3-00060,S3-00061
S1-00124	
S1-00125	S3-00062
S1-00126	S3-00063,S3-00064,S3-00065
S1-00127	
S1-00128	
S1-00129	
S1-00130	S2-00117
S1-00131	S2-00118
S1-00132	
S1-00133	
S1-00134	
S1-00135	
S1-00136	S2-00122
S1-00137	S2-00124,S3-00066,S2-00125
S1-00138	S3-00067,S2-00126,S2-00127,S2-00128
S1-00139	S2-00129
S1-00140	S2-00130,S2-00131
S1-00141	S2-00132,S3-00068,S3-00069,S3-00070
S1-00142	
S1-00143	
S1-00144	
S1-00145	S2-00134,S2-00135,S2-00136
S1-00146	S3-00071
S1-00147	S3-00072,S3-00073
S1-00148	
S1-00149	S2-00138
S1-00150	S3-00074
S1-00151	S3-00075,S2-00139
S1-00152	
S1-00153	S2-00140,S3-00076,S3-00077,S3-00078
S1-00154	S2-00141
S1-00155	S3-00079
S1-00156	S3-00080
S1-00157	
S1-00158	S2-00142
S1-00159	S2-00143,S3-00081,S2-00144,S3-00082
S1-00160	
S1-00161	
S1-00162	
S1-00163	
S1-00164	
S1-00165	S2-00146
S1-00166	S3-00083,S2-00147
S1-00167	S2-00149,S2-00150,S2-00151
S1-00168	
S1-00169	S3-00084
S1-00170	S2-00153
S1-00171	S2-00154
S1-00172	S3-00085,S2-00155,S3-00086,S2-00156
S1-00173	S2-00157,S2-00158,S2-00159,S2-00160
S1-00174	S3-00087
S1-00175	
S1-00176	
S1-00177	
S1-00178	S3-00088,S2-00163
S1-00179	S2-00164
S1-00180	S2-00165
S1-00181	S3-00089
S1-00182	S2-00166,S2-00167
S1-00183	S2-00168,S3-00090,S2-00169,S2-00170
S1-00184	
S1-00185	S3-00091
S1-00186	S3-00092,S2-00171,S3-00093
S1-00187	S2-00172
S1-00188	
S1-00189	S3-00094,S2-00174,S3-00095
S1-00190	S2-00176
S1-00191	
S1-00192	
S1-00193	S3-00096
S1-00194	
S1-00195	
S1-00196	S2-00179,S2-00180,S2-00181,S3-00097
S1-00197	
S1-00198	S2-00182,S3-00098,S3-00099
S1-00199	
S1-00200	S2-00184,S2-00185
S1-00201	S2-00186,S3-00100
S1-00202	S2-00187
S1-00203	S3-00101
S1-00204	S2-00188
S1-00205	S2-00189,S3-00102,S3-00103
S1-00206	S2-00190,S3-00104
S1-00207	S2-00191
S1-00208	S3-00105,S3-00106
S1-00209	
S1-00210	
S1-00211	S2-00192
S1-00212	
S1-00213	
S1-00214	S3-00107
S1-00215	S2-00194
S1-00216	S3-00108
S1-00217	S2-00195,S3-00109,S2-00196,S2-00197
S1-00218	S3-00110
S1-00219	
S1-00220	S2-00199,S2-00200,S3-00111,S2-00201
S1-00221	S2-00202,S3-00112,S2-00203
S1-00222	S2-00204
S1-00223	S2-00205
S1-00224	S3-00113,S3-00114,S3-00115
S1-00225	
S1-00226	
S1-00227	S2-00208,S3-00116,S3-00117,S3-00118
S1-00228	S3-00119
S1-00229	
S1-00230	S3-00120,S2-00209
S1-00231	S2-00210,S2-00211,S2-00212
S1-00232	S2-00213
S1-00233	S2-00215
S1-00234	S2-00216,S3-00121
S1-00235	
S1-00236	S2-00217
S1-00237	S3-00122
S1-00238	S2-00219
S1-00239	S3-00123,S2-00220,S3-00124
S1-00240	S3-00125
S1-00241	S3-00126
S1-00242	S3-00127,S2-00221,S3-00128,S2-00222
S1-00243	S3-00129
S1-00244	
S1-00245	S2-00224
S1-00246	S3-00130,S3-00131
S1-00247	S2-00225
S1-00248	S2-00226
S1-00249	S3-00132
S1-00250	S2-00227
S1-00251	S2-00229
S1-00252	
S1-00253	
S1-00254	
S1-00255	
S1-00256	S2-00230
S1-00257	
S1-00258	S3-00133
S1-00259	S2-00231
S1-00260	S2-00232,S3-00134,S2-00233
S1-00261	
S1-00262	
S1-00263	S3-00135,S2-00236,S3-00136
S1-00264	S2-00237,S2-00238
S1-00265	S3-00137,S2-00239,S3-00138
S1-00266	S3-00139,S2-00240,S3-00140
S1-00267	S3-00141
S1-00268	S3-00142
S1-00269	S3-00143,S3-00144
S1-00270	S2-00241
S1-00271	S2-00242,S3-00145,S2-00243,S2-00244
S1-00272	S2-00245
S1-00273	
S1-00274	
S1-00275	
S1-00276	S2-00246
S1-00277	S2-00248
S1-00278	
S1-00279	S2-00249
S1-00280	S3-00146,S2-00250,S2-00251
S1-00281	
S1-00282	S3-00147
S1-00283	S2-00252,S3-00148,S2-00253
S1-00284	
S1-00285	S2-00254
S1-00286	S2-00256
S1-00287	S3-00149
S1-00288	S2-00257,S2-00258,S3-00150
S1-00289	S2-00259,S2-00260,S2-00261,S3-00151
S1-00290	
S1-00291	
S1-00292	S2-00263,S3-00152
S1-00293	
S1-00294	S2-00264
S1-00295	
S1-00296	
S1-00297	
S1-00298	S2-00266
S1-00299	S2-00267
S1-00300	S3-00153
S1-00301	S3-00154
S1-00302	S2-00268
S1-00303	S2-00269
S1-00304	
S1-00305	
S1-00306	S3-00155,S3-00156
S1-00307	S2-00270
S1-00308	S3-00157,S3-00158
S1-00309	
S1-00310	S3-00159,S3-00160,S2-00271
S1-00311	S2-00272,S2-00273,S3-00161
S1-00312	S3-00162
S1-00313	
S1-00314	
S1-00315	S2-00274
S1-00316	
S1-00317	
S1-00318	S3-00163,S2-00275
S1-00319	S3-00164,S3-00165,S3-00166
S1-00320	S2-00277
S1-00321	S3-00167
S1-00322	
S1-00323	
S1-00324	S3-00168
S1-00325	
S1-00326	S3-00169
S1-00327	S3-00170,S3-00171,S2-00279
S1-00328	
S1-00329	S2-00280,S2-00281
S1-00330	S2-00282
S1-00331	S2-00283
S1-00332	S3-00172,S3-00173
S1-00333	S3-00174,S2-00284,S3-00175,S3-00176
S1-00334	
S1-00335	S2-00285
S1-00336	
S1-00337	S3-00177
S1-00338	S2-00286,S2-00287,S2-00288
S1-00339	S2-00289
S1-00340	
S1-00341	S3-00178
S1-00342	S3-00179,S2-00291,S2-00292
S1-00343	S3-00180
S1-00344	
S1-00345	S2-00293,S3-00181,S2-00294
S1-00346	S2-00295
S1-00347	S3-00182,S2-00296
S1-00348	S3-00183
S1-00349	S2-00298
S1-00350	S2-00299
S1-00351	S3-00184
S1-00352	S2-00300,S3-00185,S2-00301
S1-00353	
S1-00354	
S1-00355	S2-00303,S2-00304,S2-00305
S1-00356	
S1-00357	S2-00307,S2-00308,S2-00309
S1-00358	
S1-00359	
S1-00360	S2-00311
S1-00361	S3-00186
S1-00362	S2-00313
S1-00363	
S1-00364	
S1-00365	
S1-00366	
S1-00367	S2-00314,S2-00315
S1-00368	S2-00316,S3-00187,S3-00188
S1-00369	S2-00317,S2-00318
S1-00370	S2-00320
S1-00371	
S1-00372	S3-00189
S1-00373	
S1-00374	S2-00322,S2-00323,S3-00190,S2-00324
S1-00375	S2-00325
S1-00376	
S1-00377	
S1-00378	
S1-00379	S2-00327
S1-00380	S2-00328
S1-00381	
S1-00382	S3-00191
S1-00383	
S1-00384	
S1-00385	S2-00330
S1-00386	S3-00192,S2-00332
S1-00387	S3-00193
S1-00388	S2-00333
S1-00389	S2-00334
S1-00390	S2-00336,S2-00337,S2-00338,S2-00339
S1-00391	S2-00340
S1-00392	S2-00341,S2-00342,S3-00194,S2-00343
S1-00393	
S1-00394	
S1-00395	S2-00345,S2-00346
S1-00396	S2-00348
S1-00397	S2-00349
S1-00398	
S1-00399	S2-00351
S1-00400	S3-00195,S3-00196
S1-00401	S3-00197,S3-00198,S2-00353
S1-00402	S2-00354,S2-00355
S1-00403	S3-00199
S1-00404	S2-00356,S3-00200
S1-00405	S2-00357,S3-00201,S2-00358,S3-00202
S1-00406	
S1-00407	
S1-00408	
S1-00409	S2-00359,S3-00203
S1-00410	S2-00361,S2-00362
S1-00411	S2-00364
S1-00412	
S1-00413	
S1-00414	S3-00204,S2-00366,S2-00367
S1-00415	S2-00368
S1-00416	S3-00205,S2-00369
S1-00417	S2-00370
S1-00418	S2-00371
S1-00419	
S1-00420	
S1-00421	
S1-00422	S3-00206,S2-00373
S1-00423	S2-00374
S1-00424	S3-00207
S1-00425	S3-00208
S1-00426	S2-00376,S3-00209
S1-00427	
S1-00428	S3-00210
S1-00429	S2-00378
S1-00430	S2-00379
S1-00431	S2-00380
S1-00432	
S1-00433	S3-00211
S1-00434	
S1-00435	S2-00381,S2-00382
S1-00436	S2-00383
S1-00437	S2-00385
S1-00438	S2-00386,S2-00387,S2-00388,S2-00389
S1-00439	S2-00391
S1-00440	S2-00392
S1-00441	S2-00393,S2-00394,S3-00212
S1-00442	S2-00395
S1-00443	S3-00213
S1-00444	S2-00396,S3-00214,S3-00215,S3-00216
S1-00445	
S1-00446	
S1-00447	S2-00398,S2-00399
S1-00448	
S1-00449	S2-00401,S2-00402
S1-00450	S3-00217
S1-00451	S2-00403
S1-00452	S2-00404,S3-00218,S3-00219,S3-00220
S1-00453	S2-00405
S1-00454	S3-00221,S3-00222
S1-00455	
S1-00456	S2-00406
S1-00457	S3-00223,S3-00224
S1-00458	S2-00407
S1-00459	S2-00408,S2-00409,S2-00410
S1-00460	
S1-00461	S2-00411
S1-00462	S2-00412,S3-00225,S3-00226,S3-00227
S1-00463	S2-00414,S2-00415,S3-00228
S1-00464	
S1-00465	S3-00229,S2-00416,S3-00230,S2-00417
S1-00466	S3-00231
S1-00467	S3-00232,S3-00233
S1-00468	
S1-00469	S3-00234,S2-00420,S2-00421
S1-00470	
S1-00471	S3-00235,S2-00423
S1-00472	
S1-00473	S2-00424,S2-00425,S2-00426
S1-00474	
S1-00475	S2-00427
S1-00476	S3-00236
S1-00477	
S1-00478	S3-00237
S1-00479	
S1-00480	
S1-00481	S3-00238,S3-00239,S3-00240,S3-00241
S1-00482	
S1-00483	
S1-00484	
S1-00485	S3-00242
S1-00486	S2-00429,S3-00243
S1-00487	S2-00430
S1-00488	S2-00431
S1-00489	
S1-00490	S3-00244,S3-00245,S2-00432,S2-00433
S1-00491	S2-00434
S1-00492	
S1-00493	S3-00246
S1-00494	S3-00247,S2-00437,S3-00248,S3-00249
S1-00495	S2-00439
S1-00496	S3-00250
S1-00497	
S1-00498	S2-00440
S1-00499	
S1-00500	S2-00441
S1-00501	
S1-00502	
S1-00503	
S1-00504	S2-00443,S2-00444,S3-00251
S1-00505	S2-00446,S3-00252,S3-00253,S3-00254
S1-00506	
S1-00507	S3-00255
S1-00508	
S1-00509	S2-00447,S2-00448,S2-00449,S3-00256
S1-00510	
S1-00511	
S1-00512	
S1-00513	S2-00450
S1-00514	S3-00257
S1-00515	S3-00258,S3-00259
S1-00516	
S1-00517	S2-00452,S2-00453
S1-00518	
S1-00519	
S1-00520	
S1-00521	S2-00454,S2-00455,S2-00456,S3-00260
S1-00522	S2-00457
S1-00523	
S1-00524	S2-00459
S1-00525	S3-00261,S2-00460
S1-00526	
S1-00527	S2-00461
S1-00528	S3-00262
S1-00529	
S1-00530	S2-00463,S3-00263,S3-00264
S1-00531	
S1-00532	
S1-00533	S2-00465
S1-00534	S2-00466,S2-00467,S3-00265,S3-00266
S1-00535	
S1-00536	S2-00468,S2-00469,S2-00470
S1-00537	S3-00267
S1-00538	S2-00472
S1-00539	
S1-00540	S3-00268
S1-00541	S2-00473
S1-00542	
S1-00543	S2-00474
S1-00544	
S1-00545	
S1-00546	
S1-00547	S2-00475
S1-00548	S2-00476
S1-00549	
S1-00550	
S1-00551	S2-00478
S1-00552	S3-00269,S2-00480,S3-00270,S2-00481
S1-00553	
S1-00554	S2-00482
S1-00555	
S1-00556	S3-00271
S1-00557	S2-00483,S3-00272
S1-00558	S2-00484
S1-00559	
S1-00560	S3-00273,S2-00485,S2-00486
S1-00561	S2-00487
S1-00562	
S1-00563	
S1-00564	
S1-00565	
S1-00566	
S1-00567	S2-00490
S1-00568	
S1-00569	S3-00274
S1-00570	S2-00491,S2-00492,S3-00275
S1-00571	
S1-00572	
S1-00573	S3-00276
S1-00574	
S1-00575	
S1-00576	
S1-00577	S3-00277
S1-00578	
S1-00579	S3-00278
S1-00580	
S1-00581	S2-00496,S3-00279
S1-00582	
S1-00583	S3-00280,S3-00281
S1-00584	S2-00497,S3-00282,S2-00498
S1-00585	S3-00283
S1-00586	
S1-00587	S2-00499
S1-00588	S2-00500
S1-00589	
S1-00590	S2-00501
S1-00591	S2-00502,S2-00503,S2-00504
S1-00592	S3-00284
S1-00593	S2-00506,S2-00507,S2-00508,S2-00509
S1-00594	
S1-00595	S2-00510
S1-00596	S2-00511
S1-00597	
S1-00598	
S1-00599	
S1-00600	S2-00512
S1-00601	
S1-00602	S2-00513
S1-00603	S2-00515,S3-00285
S1-00604	S3-00286
S1-00605	
S1-00606	S3-00287,S2-00516,S3-00288
S1-00607	S3-00289
S1-00608	S2-00517,S2-00518
S1-00609	S2-00520,S3-00290,S2-00521,S2-00522
S1-00610	S2-00524
S1-00611	S2-00525
S1-00612	S3-00291
S1-00613	S3-00292
S1-00614	S3-00293
S1-00615	
S1-00616	S2-00526,S3-00294,S2-00527,S2-00528
S1-00617	
S1-00618	S2-00529
S1-00619	S2-00530
S1-00620	S2-00531,S3-00295
S1-00621	
S1-00622	
S1-00623	S2-00532,S2-00533
S1-00624	
S1-00625	S2-00535
S1-00626	S2-00536,S3-00296,S2-00537,S2-00538
S1-00627	
S1-00628	S3-00297
S1-00629	
S1-00630	S3-00298
S1-00631	
S1-00632	S3-00299,S3-00300,S2-00539
S1-00633	
S1-00634	S3-00301,S2-00542
S1-00635	
S1-00636	
S1-00637	S2-00543,S3-00302
S1-00638	S3-00303,S3-00304,S2-00544,S2-00545
S1-00639	S2-00546
S1-00640	S2-00548,S2-00549
S1-00641	
S1-00642	
S1-00643	
S1-00644	S2-00552,S3-00305,S2-00553
S1-00645	
S1-00646	
S1-00647	
S1-00648	S3-00306
S1-00649	S3-00307,S2-00554
S1-00650	S2-00555
S1-00651	
S1-00652	S2-00558
S1-00653	S2-00560
S1-00654	
S1-00655	S3-00308
S1-00656	
S1-00657	S2-00562,S2-00563,S3-00309
S1-00658	
S1-00659	S2-00565
S1-00660	S2-00566
S1-00661	S3-00310,S3-00311
S1-00662	S2-00567
S1-00663	S2-00568
S1-00664	S2-00569,S2-00570,S3-00312,S3-00313
S1-00665	
S1-00666	S2-00571
S1-00667	
S1-00668	S2-00573
S1-00669	S3-00314,S2-00574
S1-00670	S3-00315,S2-00575,S3-00316
S1-00671	
S1-00672	S3-00317
S1-00673	
S1-00674	
S1-00675	S3-00318,S3-00319,S3-00320,S2-00576
S1-00676	
S1-00677	S3-00321
S1-00678	S3-00322
S1-00679	S2-00577,S2-00578,S2-00579
S1-00680	S3-00323
S1-00681	S3-00324
S1-00682	S3-00325
S1-00683	S2-00581
S1-00684	
S1-00685	S3-00326,S3-00327
S1-00686	
S1-00687	S2-00582
S1-00688	
S1-00689	S2-00583
S1-00690	S3-00328,S3-00329
S1-00691	S3-00330
S1-00692	S3-00331,S2-00585,S2-00586
S1-00693	S2-00587
S1-00694	S3-00332,S2-00588,S2-00589
S1-00695	S2-00590
S1-00696	
S1-00697	
S1-00698	S3-00333
S1-00699	S3-00334,S2-00591
S1-00700	S3-00335
S1-00701	
S1-00702	S2-00594
S1-00703	S3-00336,S3-00337,S2-00595
S1-00704	
S1-00705	
S1-00706	S2-00597
S1-00707	S3-00338
S1-00708	S3-00339,S3-00340,S2-00598
S1-00709	S2-00600
S1-00710	S2-00602,S3-00341
S1-00711	S2-00604,S3-00342,S3-00343
S1-00712	
S1-00713	S2-00605,S3-00344,S2-00606
S1-00714	
S1-00715	S2-00608
S1-00716	S2-00609,S3-00345
S1-00717	S2-00610,S2-00611,S3-00346,S2-00612
S1-00718	S2-00614
S1-00719	S2-00616
S1-00720	
S1-00721	S3-00347,S2-00617
S1-00722	S3-00348,S3-00349
S1-00723	
S1-00724	
S1-00725	S3-00350
S1-00726	S2-00618
S1-00727	
S1-00728	
S1-00729	S3-00351,S3-00352,S2-00620
S1-00730	S2-00621
S1-00731	S3-00353
S1-00732	S3-00354,S2-00622,S3-00355
S1-00733	S2-00624,S3-00356,S3-00357
S1-00734	S3-00358,S2-00625,S2-00626
S1-00735	S3-00359
S1-00736	S3-00360,S2-00627,S2-00628,S2-00629
S1-00737	S3-00361
S1-00738	S3-00362
S1-00739	S2-00631,S2-00632,S2-00633
S1-00740	S3-00363
S1-00741	
S1-00742	S2-00635
S1-00743	S3-00364
S1-00744	S2-00636,S2-00637
S1-00745	
S1-00746	S3-00365,S3-00366,S3-00367
S1-00747	
S1-00748	S2-00639,S2-00640
S1-00749	S3-00368
S1-00750	
S1-00751	S3-00369
S1-00752	S3-00370
S1-00753	
S1-00754	S3-00371
S1-00755	S2-00641
S1-00756	S2-00642
S1-00757	S2-00643,S2-00644
S1-00758	
S1-00759	
S1-00760	
S1-00761	S2-00645,S3-00372,S2-00646
S1-00762	S3-00373,S3-00374
S1-00763	S3-00375
S1-00764	S2-00647
S1-00765	
S1-00766	S2-00648,S2-00649,S2-00650,S2-00651
S1-00767	S2-00652
S1-00768	S2-00653
S1-00769	S2-00654,S3-00376,S3-00377,S3-00378
S1-00770	S2-00656,S2-00657,S2-00658
S1-00771	S3-00379
S1-00772	S3-00380
S1-00773	S3-00381,S2-00659
S1-00774	S2-00660
S1-00775	
S1-00776	S2-00661
S1-00777	S2-00662
S1-00778	S3-00382,S2-00664
S1-00779	S2-00665
S1-00780	S3-00383
S1-00781	S2-00667
S1-00782	S2-00669,S2-00670,S2-00671
S1-00783	
S1-00784	
S1-00785	
S1-00786	S3-00384
S1-00787	
S1-00788	S3-00385,S3-00386,S2-00673
S1-00789	S3-00387,S2-00675,S2-00676,S2-00677
S1-00790	S2-00678
S1-00791	S2-00679,S2-00680
S1-00792	S2-00681,S2-00682,S3-00388,S3-00389
S1-00793	
S1-00794	
S1-00795	S2-00683,S3-00390,S3-00391,S2-00684
S1-00796	
S1-00797	S3-00392
S1-00798	S2-00687
S1-00799	S2-00688
S1-00800	S3-00393,S2-00689,S2-00690,S2-00691
S1-00801	S3-00394
S1-00802	
S1-00803	
S1-00804	S2-00692
S1-00805	S3-00395
S1-00806	S3-00396,S2-00693
S1-00807	S3-00397
S1-00808	
S1-00809	S2-00696,S2-00697,S2-00698,S2-00699
S1-00810	S3-00398
S1-00811	S3-00399
S1-00812	S2-00702
S1-00813	S3-00400
S1-00814	
S1-00815	S3-00401
S1-00816	S3-00402,S2-00703,S2-00704
S1-00817	S3-00403,S2-00705
S1-00818	
S1-00819	S2-00708
S1-00820	
S1-00821	S3-00404,S3-00405,S2-00709
S1-00822	S2-00710
S1-00823	S2-00711
S1-00824	
S1-00825	S2-00712
S1-00826	
S1-00827	S2-00713,S2-00714
S1-00828	
S1-00829	
S1-00830	
S1-00831	
S1-00832	
S1-00833	S3-00406
S1-00834	
S1-00835	S3-00407
S1-00836	
S1-00837	S3-00408,S2-00716
S1-00838	S3-00409
S1-00839	
S1-00840	S3-00410,S2-00717,S3-00411
S1-00841	S2-00718,S2-00719,S2-00720,S3-00412
S1-00842	
S1-00843	S2-00721
S1-00844	
S1-00845	S3-00413
S1-00846	
S1-00847	S2-00724,S2-00725,S3-00414
S1-00848	S3-00415
S1-00849	S2-00727
S1-00850	S2-00728
S1-00851	S2-00729,S3-00416
S1-00852	
S1-00853	
S1-00854	S3-00417,S3-00418,S3-00419,S3-00420
S1-00855	S3-00421,S2-00731
S1-00856	S2-00732
S1-00857	S2-00733,S2-00734,S2-00735
S1-00858	S2-00736
S1-00859	
S1-00860	S2-00738
S1-00861	
S1-00862	S3-00422,S2-00740,S2-00741,S2-00742
S1-00863	S3-00423,S3-00424,S2-00744,S2-00745
S1-00864	S3-00425,S2-00746,S3-00426,S2-00747
S1-00865	S2-00749
S1-00866	S3-00427
S1-00867	S2-00752
S1-00868	
S1-00869	S2-00753,S3-00428,S2-00754,S2-00755
S1-00870	S3-00429,S3-00430
S1-00871	
S1-00872	S3-00431,S3-00432
S1-00873	S3-00433
S1-00874	
S1-00875	S3-00434
S1-00876	S2-00757
S1-00877	
S1-00878	S3-00435,S2-00758,S3-00436,S3-00437
S1-00879	S3-00438
S1-00880	
S1-00881	S3-00439
S1-00882	
S1-00883	S2-00759
S1-00884	
S1-00885	S2-00760
S1-00886	
S1-00887	S2-00761
S1-00888	S2-00762
S1-00889	S2-00764,S2-00765,S2-00766,S3-00440
S1-00890	
S1-00891	S2-00767,S3-00441,S3-00442
S1-00892	
S1-00893	
S1-00894	
S1-00895	
S1-00896	
S1-00897	
S1-00898	
S1-00899	
S1-00900	
S1-00901	
S1-00902	S3-00443
S1-00903	S2-00768
S1-00904	S2-00769
S1-00905	S3-00444,S3-00445
S1-00906	S2-00770,S2-00771,S3-00446,S3-00447
S1-00907	S2-00772
S1-00908	
S1-00909	S3-00448
S1-00910	S2-00773,S2-00774,S2-00775
S1-00911	
S1-00912	S3-00449,S2-00776
S1-00913	S2-00777
S1-00914	
S1-00915	S3-00450,S3-00451,S2-00778
S1-00916	
S1-00917	S2-00779,S2-00780,S2-00781
S1-00918	S2-00783
S1-00919	S2-00785,S3-00452,S3-00453,S2-00786
S1-00920	
S1-00921	S2-00787,S3-00454,S2-00788,S3-00455
S1-00922	S3-00456
S1-00923	S3-00457,S3-00458
S1-00924	S2-00791
S1-00925	S2-00792,S3-00459,S2-00793,S3-00460
S1-00926	
S1-00927	S2-00794,S3-00461,S3-00462
S1-00928	S2-00795
S1-00929	S3-00463,S2-00797,S2-00798,S2-00799
S1-00930	S2-00801,S3-00464
S1-00931	S2-00803
S1-00932	S2-00804,S3-00465,S2-00805,S2-00806
S1-00933	S3-00466,S2-00807,S3-00467,S3-00468
S1-00934	S2-00809
S1-00935	S2-00810,S2-00811,S3-00469
S1-00936	
S1-00937	
S1-00938	
S1-00939	S3-00470,S2-00813,S2-00814,S2-00815
S1-00940	S2-00817
S1-00941	S2-00818,S3-00471,S2-00819
S1-00942	
S1-00943	S3-00472
S1-00944	S2-00820,S2-00821,S3-00473
S1-00945	S2-00822
S1-00946	S2-00823
S1-00947	S2-00824,S2-00825
S1-00948	S2-00826
S1-00949	
S1-00950	
S1-00951	
S1-00952	
S1-00953	S3-00474,S3-00475
S1-00954	S3-00476,S2-00827,S2-00828,S2-00829
S1-00955	
S1-00956	
S1-00957	S2-00830
S1-00958	S3-00477,S2-00831,S3-00478
S1-00959	
S1-00960	S3-00479
S1-00961	S3-00480
S1-00962	S3-00481
S1-00963	S2-00833
S1-00964	S2-00834,S2-00835,S2-00836
S1-00965	S2-00838
S1-00966	S3-00482
S1-00967	S2-00840
S1-00968	
S1-00969	S2-00841,S2-00842
S1-00970	S2-00843
S1-00971	S3-00483
S1-00972	S2-00844
S1-00973	
S1-00974	S2-00845
S1-00975	S3-00484
S1-00976	
S1-00977	S2-00846
S1-00978	S3-00485,S2-00847,S2-00848
S1-00979	S3-00486,S2-00850
S1-00980	
S1-00981	
S1-00982	
S1-00983	
S1-00984	
S1-00985	
S1-00986	S2-00851
S1-00987	S3-00487
S1-00988	S2-00852
S1-00989	S2-00853,S3-00488
S1-00990	S2-00855,S2-00856,S2-00857
S1-00991	S3-00489
S1-00992	
S1-00993	
S1-00994	S2-00858
S1-00995	S3-00490,S2-00859,S3-00491
S1-00996	
S1-00997	S2-00860
S1-00998	S2-00862
S1-00999	
S1-01000	S2-00863
S1-01001	S3-00492
S1-01002	
S1-01003	
S1-01004	S2-00864
S1-01005	
S1-01006	S3-00493,S3-00494
S1-01007	S3-00495
S1-01008	S2-00866,S3-00496,S2-00867,S2-00868
S1-01009	
S1-01010	S3-00497
S1-01011	S3-00498,S2-00870,S2-00871,S2-00872
S1-01012	S3-00499
S1-01013	S3-00500,S3-00501,S2-00873
S1-01014	S2-00874
S1-01015	
S1-01016	S3-00502
S1-01017	S2-00875
S1-01018	
S1-01019	S3-00503,S3-00504
S1-01020	
S1-01021	
S1-01022	S2-00878
S1-01023	S3-00505,S3-00506
S1-01024	
S1-01025	S2-00881,S3-00507
S1-01026	S2-00882
S1-01027	S2-00883
S1-01028	S3-00508
S1-01029	S2-00884
S1-01030	S2-00885
S1-01031	S3-00509
S1-01032	S2-00886
S1-01033	S3-00510
S1-01034	
S1-01035	S3-00511
S1-01036	S3-00512,S2-00887
S1-01037	
S1-01038	S3-00513
S1-01039	S2-00888
S1-01040	S2-00890,S3-00514,S3-00515,S3-00516
S1-01041	S2-00891
S1-01042	S3-00517,S2-00892
S1-01043	
S1-01044	
S1-01045	S2-00894,S2-00895,S2-00896
S1-01046	
S1-01047	S3-00518,S3-00519,S3-00520
S1-01048	
S1-01049	
S1-01050	S3-00521
S1-01051	S3-00522,S3-00523,S3-00524
S1-01052	S2-00898,S2-00899
S1-01053	
S1-01054	
S1-01055	
S1-01056	
S1-01057	S2-00900
S1-01058	S2-00901,S2-00902,S3-00525,S2-00903
S1-01059	S2-00904
S1-01060	S3-00526,S3-00527,S2-00906,S3-00528
S1-01061	S3-00529,S2-00907,S2-00908
S1-01062	S2-00909,S2-00910,S2-00911,S2-00912
S1-01063	
S1-01064	S3-00530
S1-01065	
S1-01066	S2-00914
S1-01067	
S1-01068	S2-00916,S3-00531
S1-01069	S3-00532
S1-01070	S3-00533
S1-01071	S2-00917
S1-01072	
S1-01073	S3-00534
S1-01074	S2-00918
S1-01075	S2-00919,S2-00920,S3-00535
S1-01076	S3-00536
S1-01077	S2-00921
S1-01078	
S1-01079	S3-00537
S1-01080	S3-00538
S1-01081	S2-00923
S1-01082	S2-00924,S3-00539,S2-00925
S1-01083	S3-00540
S1-01084	
S1-01085	S2-00926
S1-01086	S2-00927
S1-01087	S3-00541
S1-01088	S3-00542,S2-00928,S3-00543,S2-00929
S1-01089	
S1-01090	
S1-01091	S2-00930
S1-01092	
S1-01093	
S1-01094	S3-00544
S1-01095	S2-00933,S3-00545
S1-01096	
S1-01097	S2-00935
S1-01098	S2-00937
S1-01099	
S1-01100	
S1-01101	
S1-01102	S2-00939
S1-01103	S2-00940,S2-00941,S2-00942
S1-01104	S2-00943,S2-00944,S3-00546,S3-00547
S1-01105	S3-00548
S1-01106	S3-00549,S3-00550,S2-00945,S2-00946
S1-01107	S2-00947,S2-00948,S2-00949
S1-01108	S2-00950
S1-01109	
S1-01110	
S1-01111	S2-00951,S3-00551,S3-00552,S3-00553
S1-01112	
S1-01113	S3-00554
S1-01114	
S1-01115	S2-00953
S1-01116	S3-00555
S1-01117	S3-00556,S3-00557,S3-00558,S2-00955
S1-01118	S2-00957
S1-01119	
S1-01120	
S1-01121	S2-00960,S3-00559,S2-00961,S2-00962
S1-01122	S2-00963
S1-01123	
S1-01124	
S1-01125	S2-00964,S3-00560,S3-00561,S3-00562
S1-01126	S2-00965
S1-01127	
S1-01128	
S1-01129	
S1-01130	S2-00966
S1-01131	
S1-01132	S2-00967
S1-01133	S2-00969
S1-01134	
S1-01135	S3-00563,S2-00970,S2-00971,S2-00972
S1-01136	
S1-01137	S3-00564,S3-00565,S2-00973,S3-00566
S1-01138	
S1-01139	S2-00974
S1-01140	S2-00975,S2-00976
S1-01141	S3-00567,S3-00568
S1-01142	
S1-01143	
S1-01144	S2-00977
S1-01145	S3-00569
S1-01146	S2-00978
S1-01147	
S1-01148	
S1-01149	S2-00980,S2-00981,S3-00570
S1-01150	S2-00982
S1-01151	S2-00983,S3-00571,S2-00984
S1-01152	
S1-01153	S2-00985
S1-01154	S3-00572,S3-00573,S3-00574
S1-01155	
S1-01156	
S1-01157	S2-00987,S2-00988,S3-00575,S3-00576
S1-01158	S3-00577
S1-01159	S3-00578
S1-01160	S3-00579
S1-01161	
S1-01162	S3-00580
S1-01163	S3-00581,S3-00582,S2-00990
S1-01164	S2-00991,S3-00583,S3-00584
S1-01165	S2-00992,S3-00585,S3-00586,S3-00587
S1-01166	
S1-01167	S2-00993,S3-00588,S3-00589,S3-00590
S1-01168	
S1-01169	
S1-01170	
S1-01171	
S1-01172	
S1-01173	
S1-01174	S2-00994
S1-01175	
S1-01176	S2-00996,S2-00997,S2-00998
S1-01177	S3-00591,S2-01000
S1-01178	S2-01001,S2-01002,S2-01003,S3-00592
S1-01179	S2-01004,S2-01005
S1-01180	S2-01006
S1-01181	
S1-01182	S3-00593
S1-01183	S3-00594,S3-00595,S2-01008
S1-01184	S3-00596
S1-01185	
S1-01186	
S1-01187	S2-01011
S1-01188	S3-00597,S2-01013
S1-01189	
S1-01190	
S1-01191	S2-01014
S1-01192	S2-01015,S3-00598,S2-01016,S3-00599
S1-01193	S2-01017,S2-01018
S1-01194	S3-00600
S1-01195	S2-01019,S2-01020,S3-00601,S2-01021
S1-01196	S2-01022,S2-01023
S1-01197	
S1-01198	
S1-01199	S2-01025,S2-01026,S2-01027,S3-00602
S1-01200	S2-01028,S2-01029,S3-00603
S1-01201	S2-01030
S1-01202	S2-01031
S1-01203	S3-00604
S1-01204	S3-00605,S2-01032
S1-01205	S2-01033,S2-01034
S1-01206	
S1-01207	
S1-01208	S2-01035
S1-01209	S3-00606
S1-01210	S3-00607
S1-01211	
S1-01212	
S1-01213	S2-01036,S2-01037
S1-01214	
S1-01215	S2-01038,S2-01039
S1-01216	S3-00608,S3-00609,S2-01040,S3-00610
S1-01217	S2-01041
S1-01218	S3-00611
S1-01219	S2-01042
S1-01220	S3-00612
S1-01221	S3-00613
S1-01222	S3-00614
S1-01223	
S1-01224	
S1-01225	S2-01044,S3-00615,S3-00616,S2-01045
S1-01226	
S1-01227	S2-01048
S1-01228	
S1-01229	
S1-01230	S2-01050
S1-01231	
S1-01232	
S1-01233	S3-00617
S1-01234	
S1-01235	
S1-01236	S3-00618
S1-01237	S2-01053
S1-01238	S3-00619,S2-01054
S1-01239	S3-00620
S1-01240	S2-01056
S1-01241	S2-01057
S1-01242	
S1-01243	S2-01058
S1-01244	S3-00621
S1-01245	S3-00622
S1-01246	S2-01059
S1-01247	S3-00623,S3-00624
S1-01248	S3-00625,S3-00626,S2-01060
S1-01249	
S1-01250	S2-01062,S3-00627,S3-00628
S1-01251	S2-01063
S1-01252	S2-01065
S1-01253	S2-01066,S3-00629
S1-01254	S2-01067
S1-01255	S3-00630,S2-01068,S2-01069,S2-01070
S1-01256	S2-01072,S2-01073,S2-01074,S3-00631
S1-01257	S2-01075
S1-01258	S2-01077
S1-01259	S3-00632
S1-01260	
S1-01261	S3-00633
S1-01262	S2-01078
S1-01263	
S1-01264	
S1-01265	
S1-01266	S2-01079
S1-01267	S3-00634
S1-01268	
S1-01269	
S1-01270	S3-00635,S3-00636
S1-01271	S2-01082,S2-01083
S1-01272	
S1-01273	S2-01084
S1-01274	S2-01085,S3-00637
S1-01275	S3-00638,S2-01086,S3-00639
S1-01276	
S1-01277	S2-01087
S1-01278	S2-01088
S1-01279	
S1-01280	S2-01090
S1-01281	
S1-01282	
S1-01283	S2-01092,S3-00640
S1-01284	S2-01093
S1-01285	
S1-01286	S2-01094
S1-01287	
S1-01288	
S1-01289	
S1-01290	S3-00641
S1-01291	S3-00642
S1-01292	
S1-01293	S2-01096,S2-01097,S2-01098
S1-01294	
S1-01295	S3-00643
S1-01296	
S1-01297	S2-01100
S1-01298	S3-00644
S1-01299	S3-00645
S1-01300	S3-00646
S1-01301	
S1-01302	S3-00647
S1-01303	
S1-01304	
S1-01305	
S1-01306	S2-01101,S2-01102
S1-01307	S3-00648,S3-00649,S2-01103,S2-01104
S1-01308	S2-01105,S3-00650,S3-00651
S1-01309	
S1-01310	S2-01106
S1-01311	
S1-01312	
S1-01313	
S1-01314	
S1-01315	S2-01109,S2-01110,S2-01111
S1-01316	S2-01112
S1-01317	S2-01113
S1-01318	S2-01115,S2-01116
S1-01319	
S1-01320	S2-01117
S1-01321	S3-00652,S2-01118
S1-01322	
S1-01323	S3-00653
S1-01324	S3-00654
S1-01325	S2-01120,S3-00655
S1-01326	S2-01121
S1-01327	
S1-01328	
S1-01329	
S1-01330	S2-01122
S1-01331	S3-00656,S3-00657,S3-00658
S1-01332	S2-01124
S1-01333	S3-00659
S1-01334	S3-00660
S1-01335	S3-00661,S2-01125
S1-01336	S2-01126
S1-01337	S3-00662
S1-01338	S2-01127
S1-01339	
S1-01340	S2-01129
S1-01341	S3-00663
S1-01342	
S1-01343	
S1-01344	S2-01130,S3-00664,S2-01131
S1-01345	
S1-01346	S2-01132,S2-01133,S3-00665
S1-01347	S2-01135
S1-01348	S3-00666,S2-01136,S2-01137,S2-01138
S1-01349	S3-00667
S1-01350	S2-01140,S2-01141
S1-01351	S2-01142,S2-01143
S1-01352	S2-01144
S1-01353	S2-01145
S1-01354	S3-00668,S3-00669,S2-01146
S1-01355	
S1-01356	S2-01147,S2-01148,S2-01149,S2-01150
S1-01357	
S1-01358	S2-01151,S2-01152,S3-00670,S2-01153
S1-01359	S2-01154
S1-01360	S3-00671
S1-01361	S2-01155
S1-01362	S2-01157,S2-01158,S2-01159,S2-01160
S1-01363	
S1-01364	S3-00672
S1-01365	
S1-01366	S3-00673,S2-01162
S1-01367	S3-00674
S1-01368	S3-00675,S3-00676,S2-01164,S3-00677
S1-01369	S2-01165
S1-01370	S3-00678,S2-01166
S1-01371	
S1-01372	S3-00679
S1-01373	S2-01168
S1-01374	S3-00680,S3-00681
S1-01375	S3-00682,S2-01169,S3-00683,S2-01170
S1-01376	S2-01172,S2-01173,S3-00684,S3-00685
S1-01377	S3-00686
S1-01378	
S1-01379	S2-01175
S1-01380	S2-01176,S2-01177
S1-01381	
S1-01382	
S1-01383	S2-01178
S1-01384	S2-01179
S1-01385	S2-01180,S3-00687,S3-00688
S1-01386	S3-00689
S1-01387	
S1-01388	S2-01181,S3-00690,S3-00691,S3-00692
S1-01389	S2-01182,S2-01183
S1-01390	
S1-01391	
S1-01392	S2-01184
S1-01393	S2-01185
S1-01394	
S1-01395	S2-01187,S3-00693,S3-00694,S2-01188
S1-01396	
S1-01397	
S1-01398	
S1-01399	S2-01190,S3-00695,S2-01191
S1-01400	S2-01193
S1-01401	
S1-01402	S3-00696
S1-01403	
S1-01404	S3-00697,S2-01194,S2-01195,S2-01196
S1-01405	S2-01197,S2-01198
S1-01406	S2-01199
S1-01407	S2-01200
S1-01408	S3-00698
S1-01409	S2-01201,S3-00699,S2-01202,S3-00700
S1-01410	S3-00701,S2-01203
S1-01411	
S1-01412	S2-01204
S1-01413	
S1-01414	S2-01206
S1-01415	S3-00702
S1-01416	
S1-01417	S3-00703
S1-01418	
S1-01419	S2-01208
S1-01420	
S1-01421	S2-01209
S1-01422	S2-01210
S1-01423	
S1-01424	S3-00704
S1-01425	S2-01212
S1-01426	S3-00705,S2-01213,S3-00706,S3-00707
S1-01427	S3-00708,S3-00709,S3-00710,S2-01215
S1-01428	
S1-01429	S3-00711,S3-00712
S1-01430	S2-01216
S1-01431	S2-01217,S2-01218,S2-01219,S2-01220
S1-01432	
S1-01433	
S1-01434	S3-00713
S1-01435	S2-01221,S3-00714,S2-01222,S2-01223
S1-01436	
S1-01437	S2-01224
S1-01438	
S1-01439	S2-01225,S3-00715
S1-01440	
S1-01441	
S1-01442	S3-00716,S3-00717
S1-01443	S3-00718,S2-01226
S1-01444	S3-00719
S1-01445	
S1-01446	S2-01228
S1-01447	
S1-01448	
S1-01449	
S1-01450	
S1-01451	S3-00720
S1-01452	S2-01229,S2-01230,S2-01231,S3-00721
S1-01453	S2-01232,S2-01233
S1-01454	
S1-01455	S2-01234
S1-01456	
S1-01457	
S1-01458	S2-01235
S1-01459	
S1-01460	S2-01237,S2-01238,S2-01239,S2-01240
S1-01461	
S1-01462	
S1-01463	S3-00722
S1-01464	S3-00723,S3-00724,S3-00725
S1-01465	S2-01241,S2-01242
S1-01466	S3-00726,S2-01243,S3-00727
S1-01467	
S1-01468	S3-00728,S2-01245
S1-01469	S3-00729,S2-01246
S1-01470	S2-01247,S2-01248
S1-01471	S2-01249
S1-01472	S3-00730
S1-01473	S2-01251
S1-01474	S2-01252,S3-00731,S3-00732
S1-01475	
S1-01476	S3-00733
S1-01477	
S1-01478	
S1-01479	S3-00734
S1-01480	S3-00735
S1-01481	S2-01253
S1-01482	S2-01254
S1-01483	
S1-01484	S2-01255,S3-00736,S2-01256
S1-01485	S2-01257
S1-01486	S2-01258
S1-01487	
S1-01488	
S1-01489	S2-01260,S3-00737,S2-01261
S1-01490	
S1-01491	S2-01262,S2-01263,S2-01264
S1-01492	
S1-01493	S3-00738
S1-01494	
S1-01495	S2-01265
S1-01496	S2-01266
S1-01497	S3-00739
S1-01498	S3-00740,S2-01268,S3-00741,S3-00742
S1-01499	
S1-01500	S2-01269,S2-01270,S3-00743
